t,Produto,Investimento,Salario,Consumo,Arrecadacao,CapitalHumano,GastoEduc,Emprego
0,-0.024344577640844633,0.02105818526847436,0.016233011686894727,0.028484541231033056,-0.024344577640844633,0.0,-1.000000000000012,-0.04057100343202169
1,-0.03219513238168492,-0.0016741900861871883,0.010828363125114926,0.023818381384610454,-0.03219513238168492,-0.01204223961848161,-1.000000000000012,-0.043018837270913934
2,-0.040438622990091044,-0.022181396103981843,0.0045109290871314656,0.018082478663949964,-0.04043862299007994,-0.023602789652221734,-1.000000000000012,-0.04494752452626205
3,-0.048949708992340746,-0.040755787389401554,-0.0025078501568631673,0.01151426931924604,-0.048949708992329644,-0.034700917684615806,-1.000000000000012,-0.046443023556930196
4,-0.057625076867029446,-0.05764667592126349,-0.010052100378954432,0.004311535721690518,-0.057625076867029446,-0.04535512059571367,-1.000000000000012,-0.04757775905217532
5,-0.06637991425642031,-0.07306686336348012,-0.017975888699661713,-0.0033613352235506433,-0.06637991425640921,-0.05558315539037073,-1.000000000000012,-0.048412728174895836
6,-0.07514493755150786,-0.08719818029400139,-0.026158475548154758,-0.01136806792565448,-0.07514493755150786,-0.06540206879324106,-1.000000000000012,-0.04899927946789839
7,-0.0838638860770402,-0.10019618152835585,-0.034500307060125746,-0.019596037073943418,-0.0838638860770291,-0.07482822565999525,-1.000000000000012,-0.04938061548088735
8,-0.09249140980498449,-0.11219412491894065,-0.04291963287105238,-0.027952502005890167,-0.09249140980497339,-0.0838773362520806,-1.000000000000012,-0.04959306209411096
9,-0.10099128903445775,-0.12330634222144088,-0.05134965213751119,-0.03636142856050517,-0.10099128903444665,-0.09256448242047632,-1.000000000000012,-0.04966714080097967
10,-0.10933493414652107,-0.13363109446367094,-0.05973610571204935,-0.04476080722867204,-0.10933493414650997,-0.10090414274214199,-1.000000000000012,-0.04962847455249886
11,-0.11750012167959234,-0.14325299041895168,-0.06803524514138459,-0.053100390549398746,-0.11750012167959234,-0.10891021665093703,-1.000000000000012,-0.04949855300009354
12,-0.12546992982053196,-0.15224503493643793,-0.07621211992238086,-0.061339784644631745,-0.12546992982053196,-0.11659604760337894,-1.000000000000012,-0.04929537895148606
13,-0.1332318421758627,-0.16067036379660005,-0.08423913353966528,-0.0694468398808823,-0.1332318421758627,-0.1239744453177205,-1.000000000000012,-0.04903401446513245
14,-0.14077699354858586,-0.16858371314391052,-0.09209482648951939,-0.07739629417458094,-0.14077699354858586,-0.13105770712349418,-1.000000000000012,-0.04872704214398116
15,-0.14809953554552058,-0.176032664234671,-0.09976285097935689,-0.08516862966561067,-0.14809953554550948,-0.13785763845703958,-1.000000000000012,-0.04838495477650362
16,-0.15519610329686184,-0.18305869801231722,-0.1072311074740484,-0.09274910957467464,-0.15519610329686184,-0.14438557253724227,-1.000000000000012,-0.048016484430857265
17,-0.1620653674853756,-0.18969808874615968,-0.11449101788765237,-0.10012696720611558,-0.1620653674853645,-0.15065238925423552,-1.000000000000012,-0.04762888038769564
18,-0.16870765834435808,-0.19598266147491383,-0.12153691413167023,-0.10729472340733626,-0.16870765834434698,-0.15666853330255082,-1.000000000000012,-0.0472281438413269
19,-0.1751246503597481,-0.2019404342107567,-0.12836552403491241,-0.1142476124705194,-0.1751246503597481,-0.1624440315889264,-1.000000000000012,-0.04681922606972755
20,-0.18131909816532232,-0.2075961626233358,-0.13497553944163965,-0.12098309956808384,-0.18131909816532232,-0.1679885099438505,-1.000000000000012,-0.046406195736725664
21,-0.18729461560017535,-0.21297180220904988,-0.14136725365334613,-0.12750047543669263,-0.18729461560017535,-0.17331120916457277,-1.000000000000012,-0.04599238011149254
22,-0.19305549114800868,-0.21808690063160885,-0.14754225737330096,-0.1338005162428657,-0.19305549114800868,-0.17842100041647324,-1.000000000000012,-0.0455804842501073
23,-0.198606534032697,-0.22295893096481167,-0.15350318399580676,-0.13988519843604053,-0.1986065340326859,-0.18332640001829104,-1.000000000000012,-0.04517269155673853
24,-0.2039529461358991,-0.22760357492204175,-0.15925349650557363,-0.14575745997839062,-0.2039529461358991,-0.188035583636037,-1.000000000000012,-0.044770748612921185
25,-0.20910021565678782,-0.23203496373992438,-0.16479730945446747,-0.15142100067861985,-0.20910021565678782,-0.1925563999090718,-1.000000000000012,-0.04437603671686441
26,-0.21405402906734539,-0.23626588322126496,-0.17013924049851248,-0.15688011548670167,-0.21405402906733428,-0.19689638353118655,-1.000000000000012,-0.04398963219496288
27,-0.21882019845671508,-0.24030794842094805,-0.17528428683606379,-0.16213955556229065,-0.21882019845670397,-0.20106276780842425,-1.000000000000012,-0.04361235723000512
28,-0.2234046018092739,-0.2441717526215692,-0.18023772261348547,-0.1672044127358996,-0.2234046018092628,-0.20506249671456978,-1.000000000000012,-0.04324482267934471
29,-0.2278131341452605,-0.24786699452645777,-0.18500501397678004,-0.1720800236641673,-0.2278131341452605,-0.20890223646446993,-1.000000000000012,-0.042887464127483454
30,-0.23205166777745534,-0.2514025869918557,-0.18959174896518993,-0.1767718905559712,-0.23205166777745534,-0.2125883866243683,-1.000000000000012,-0.042540572227178775
31,-0.23612602020861573,-0.2547867501095813,-0.19400357988005323,-0.18128561583374836,-0.23612602020860463,-0.2161270907778734,-1.000000000000012,-0.04220431821677639
32,-0.24004192842713712,-0.2580270910133464,-0.19824617613231066,-0.18562684850487177,-0.24004192842713712,-0.21952424676523474,-1.000000000000012,-0.041878775365611354
33,-0.24380502855243513,-0.2611306724225715,-0.2023251858821573,-0.18980124036496182,-0.24380502855243513,-0.22278551651310208,-1.000000000000012,-0.04156393698304672
34,-0.2474208399468325,-0.2641040716226062,-0.20624620505020896,-0.19381441044976633,-0.2474208399468214,-0.22591633547105472,-1.000000000000012,-0.04125973152713236
35,-0.2508947530491801,-0.2669534313241906,-0.21001475250040924,-0.19767191639842308,-0.2508947530491801,-0.22892192167069947,-1.000000000000012,-0.04096603526635434
36,-0.2542320203033577,-0.26968450361269936,-0.21363625038415268,-0.20137923160186144,-0.2542320203033577,-0.23180728442235843,-1.000000000000012,-0.04068268287746868
37,-0.2574377496537883,-0.2723026880266377,-0.21711600879313897,-0.20494172718574788,-0.2574377496537772,-0.23457723266394614,-1.000000000000012,-0.04040947630278291
38,-0.2605169001637542,-0.2748130646328173,-0.22045921400267732,-0.20836465802726023,-0.26051690016374307,-0.23723638297586946,-1.000000000000012,-0.04014619214073312
39,-0.26347427938325785,-0.27722042283870874,-0.22367091970144637,-0.2116531521313081,-0.26347427938325785,-0.23978916727531718,-1.000000000000012,-0.03989258779986127
40,-0.2663145421524349,-0.27952928656893583,-0.22675604069748445,-0.2148122027976762,-0.2663145421524349,-0.24223984020278477,-1.000000000000012,-0.03964840661199176
41,-0.2690421905767626,-0.28174393633478845,-0.22971934867291877,-0.21784666310132872,-0.2690421905767626,-0.24459248621315766,-1.000000000000012,-0.0394133820684206
42,-0.2716615749536966,-0.2838684286453508,-0.23256546962654445,-0.22076124228306293,-0.2716615749536966,-0.2468510263831103,-1.000000000000012,-0.0391872413189609
43,-0.27417689546487267,-0.28590661314689125,-0.23529888270173993,-0.22356050371287184,-0.27417689546487267,-0.2490192249462675,-1.000000000000012,-0.03896970805078448
44,-0.27659220447920907,-0.28786214780600616,-0.23792392014577723,-0.2262488641412319,-0.27659220447920907,-0.25110069556689707,-1.000000000000012,-0.038760504846047095
45,-0.2789114093372458,-0.28973851241594906,-0.2404447681869426,-0.22883059400059524,-0.2789114093372347,-0.25309890736270324,-1.000000000000012,-0.03855935510229669
46,-0.2811382755086522,-0.29153902065898185,-0.2428654686509213,-0.23130981855631338,-0.2811382755086522,-0.2550171906866794,-1.000000000000012,-0.038365984586008484
47,-0.2832764300331303,-0.29326683092180117,-0.2451899211667996,-0.2336905197400596,-0.2832764300331303,-0.25685874267769027,-1.000000000000012,-0.03818012267905457
48,-0.28532936516942886,-0.2949249560298184,-0.247421885838206,-0.23597653852546197,-0.28532936516941776,-0.25862663258906515,-1.000000000000012,-0.038001503367501854
49,-0.2873004421911851,-0.2965162720480419,-0.24956498627468626,-0.23817157772870745,-0.2873004421911851,-0.2603238069039837,-1.000000000000012,-0.037829866016436675
50,-0.2891928952778344,-0.2980435262696868,-0.25162271289674853,-0.24027920513685075,-0.2891928952778233,-0.2619530942463033,-1.000000000000012,-0.03766495596508879
51,-0.291009835458933,-0.299509344491522,-0.2535984264428359,-0.2423028568823815,-0.291009835458933,-0.26351721009493234,-1.000000000000012,-0.03750652497325202
52,-0.2927542545770989,-0.300916237673754,-0.25549536161731945,-0.2442458409967152,-0.2927542545770878,-0.2650187613096211,-1.000000000000012,-0.03735433154423706
53,-0.2944290292416829,-0.3022666080498393,-0.2573166308320052,-0.2461113410870408,-0.2944290292416718,-0.26646025047571964,-1.000000000000012,-0.03720814114487325
54,-0.2960369247504091,-0.3035627547614883,-0.2590652279984451,-0.24790242008999597,-0.2960369247504091,-0.2678440800751747,-1.000000000000012,-0.037067726341744045
55,-0.2975805989604341,-0.304806879064623,-0.26074403233939947,-0.24962202406488831,-0.297580598960423,-0.26917255649064886,-1.000000000000012,-0.03693286686737851
56,-0.2990626060948798,-0.30600108916332136,-0.2623558121913949,-0.2512729859952323,-0.2990626060948687,-0.2704478938495014,-1.000000000000012,-0.03680334963033216
57,-0.3004854004731272,-0.3071474047073641,-0.2639032287770182,-0.25285802957352166,-0.3004854004731161,-0.27167221771400296,-1.000000000000012,-0.036678968678749424
58,-0.301851340156023,-0.3082477609857026,-0.2653888399287485,-0.25437977294898717,-0.301851340156023,-0.272847568623924,-1.000000000000012,-0.036559525126911296
59,-0.30316269049989186,-0.30930401285723663,-0.2668151037509836,-0.2558407324221412,-0.30316269049989186,-0.27397590549744777,-1.000000000000012,-0.036444827052029005
60,-0.30442162761397107,-0.31031793843541156,-0.26818438220862495,-0.25724332607305334,-0.30442162761395997,-0.27505910889603635,-1.000000000000012,-0.03633468936756756
61,-0.3056302417187906,-0.31129124255103724,-0.2694989446345053,-0.2585898773136308,-0.3056302417187906,-0.2760989841586792,-1.000000000000012,-0.03622893367820623
62,-0.30679054040250175,-0.3122255600196966,-0.2707609711486314,-0.25988261835615534,-0.30679054040250175,-0.2770972644108083,-1.000000000000012,-0.03612738812081018
63,-0.3079044517752205,-0.31312245872405775,-0.2719725559850672,-0.26112369359228005,-0.3079044517752205,-0.27805561345285446,-1.000000000000012,-0.03602988719528799
64,-0.3089738275201537,-0.3139834425281651,-0.27313571072323795,-0.26231516287853474,-0.3089738275201537,-0.2789756285332179,-1.000000000000012,-0.03593627158773316
65,-0.31000044584266195,-0.31480995404317147,-0.27425236742125714,-0.26345900472570793,-0.31000044584266195,-0.2798588430103721,-1.000000000000012,-0.035846387989102446
66,-0.3109860143182819,-0.31560337724363396,-0.2753243816513429,-0.26455711939032955,-0.3109860143182708,-0.28070672890844195,-1.000000000000012,-0.0357600889106191
67,-0.31193217264049444,-0.3163650399605311,-0.2763535354355584,-0.2656113318675879,-0.31193217264049444,-0.28152069937058544,-1.000000000000012,-0.03567723249831012
68,-0.3128404952710606,-0.3170962162460267,-0.27734154008395295,-0.26662339478589203,-0.3128404952710495,-0.2823021110142432,-1.000000000000012,-0.03559768234755456
69,-0.3137124939939451,-0.31779812862871015,-0.2782900389348697,-0.2675949912035458,-0.3137124939939451,-0.28305226619215196,-1.000000000000012,-0.03552130731905301
70,-0.31454962037614775,-0.3184719502622446,-0.2792006099993194,-0.26852773730871027,-0.31454962037613665,-0.2837724151629528,-1.000000000000012,-0.03544798135701743
71,-0.31535326813676434,-0.31911880697204076,-0.2800747685113292,-0.2694231850241646,-0.31535326813676434,-0.2844637581749132,-1.000000000000012,-0.0353775833100034
72,-0.31612477542778405,-0.3197397792114698,-0.28091396938589863,-0.2702828245189637,-0.31612477542777295,-0.2851274474663934,-1.000000000000012,-0.03530999675536162
73,-0.3168654270286786,-0.32033590392901434,-0.2817196095866281,-0.2711080866283244,-0.3168654270286786,-0.2857645891862215,-1.000000000000012,-0.035245109827863885
74,-0.3175764564574024,-0.32090817635364033,-0.282493030406028,-0.2719003451849611,-0.3175764564574024,-0.286376245237252,-1.000000000000012,-0.035182815051804095
75,-0.3182590480009684,-0.32145755169892265,-0.28323551966016325,-0.27266091926334557,-0.3182590480009573,-0.2869634350462391,-1.000000000000012,-0.035123009178383846
76,-0.3189143386675086,-0.32198494679753775,-0.28394831380064156,-0.2733910753398794,-0.3189143386675086,-0.2875271372628663,-1.000000000000012,-0.035065593026983866
77,-0.31954342006322856,-0.3224912416626924,-0.2846325999462773,-0.27409202937126453,-0.31954342006322856,-0.28806829139083057,-1.000000000000012,-0.035010471331775594
78,-0.32014734019640834,-0.32297728098219514,-0.28528951783689527,-0.2747649487938264,-0.32014734019640834,-0.28858779935367895,-1.000000000000012,-0.034957552592762564
79,-0.3207271052108496,-0.32344387555323095,-0.2859201617123719,-0.275410954446087,-0.32072710521083847,-0.28908652699801696,-1.000000000000012,-0.03490674893147361
80,-0.32128368105206473,-0.3238918036510552,-0.2865255821185686,-0.2760311224171641,-0.32128368105206473,-0.28956530553657656,-1.000000000000012,-0.03485797595201845
81,-0.3218179950676414,-0.3243218123457403,-0.2871067876435096,-0.27662648582386096,-0.3218179950676414,-0.2900249329335969,-1.000000000000012,-0.03481115260612899
82,-0.32233093754520104,-0.32473461876186827,-0.28766474658572516,-0.27719803651845565,-0.32233093754520104,-0.29046617523473817,-1.000000000000012,-0.03476620106367401
83,-0.3228233631893618,-0.3251309112844325,-0.28820038855761343,-0.27774672673009926,-0.3228233631893618,-0.29088976784382714,-1.000000000000012,-0.03472304658694858
84,-0.3232960925408035,-0.32551135071912096,-0.288714606025553,-0.27827347064173225,-0.3232960925408035,-0.29129641674855433,-1.000000000000012,-0.03468161741032594
85,-0.3237499133389665,-0.32587657139974135,-0.2892082557902409,-0.27877914590540565,-0.3237499133389554,-0.29168679969708844,-1.000000000000012,-0.03464184462333986
86,-0.32418558183108237,-0.3262271822552121,-0.28968216040774486,-0.27926459509780566,-0.32418558183107127,-0.29206156732768385,-1.000000000000012,-0.03460366205918497
87,-0.3246038240290572,-0.32656376783013474,-0.2901371095553107,-0.27973062711864616,-0.3246038240290461,-0.29242134425305766,-1.000000000000012,-0.034567006186358995
88,-0.32500533691660616,-0.32688688926275633,-0.2905738613429909,-0.28017801853353896,-0.32500533691660616,-0.2927667301014125,-1.000000000000012,-0.03453181600476807
89,-0.3253907896086483,-0.32719708522815916,-0.2909931435729707,-0.2806075148642062,-0.3253907896086372,-0.2930983005158372,-1.000000000000012,-0.034498032946239654
90,-0.3257608244643051,-0.32749487283610934,-0.29139565494953334,-0.28101983182712287,-0.325760824464294,-0.29341660811368353,-1.000000000000012,-0.03446560077789984
91,-0.3261160581558453,-0.32778074849945105,-0.2917820662408199,-0.2814156565234871,-0.3261160581558453,-0.2937221834076187,-1.000000000000012,-0.034434465509980416
92,-0.3264570826948865,-0.32805518876170003,-0.29215302139434796,-0.28179564858166195,-0.3264570826948754,-0.29401553568979555,-1.000000000000012,-0.03440457530681229
93,-0.3267844664180064,-0.3283186510947389,-0.29250913860819905,-0.28216044125446427,-0.3267844664180064,-0.2942971538806849,-1.000000000000012,-0.03437588040147155
94,-0.3270987549328308,-0.32857157466323894,-0.2928510113598515,-0.2825106424725998,-0.3270987549328308,-0.29456750734393466,-1.000000000000012,-0.03434833301360074
95,-0.3274004720264845,-0.32881438105835104,-0.29317920939375686,-0.28284683585638737,-0.3274004720264734,-0.29482704666865533,-1.000000000000012,-0.03432188727048313
96,-0.32769012053780466,-0.3290474750003325,-0.2934942796699147,-0.2831695816871038,-0.32769012053779356,-0.29507620442038585,-1.000000000000012,-0.03429649913098132
97,-0.3279681831949377,-0.32927124501709315,-0.2937967472740888,-0.28347941783966046,-0.3279681831949377,-0.29531539586205025,-1.000000000000012,-0.03427212631318399
98,-0.3282351234190739,-0.32948606409016756,-0.2940871162924852,-0.2837768606781199,-0.3282351234190628,-0.2955450196460485,-1.000000000000012,-0.034248728223795766
99,-0.3284913860966965,-0.32969229027765,-0.29436587065097,-0.28406240591546394,-0.3284913860966854,-0.29576545847869173,-1.000000000000012,-0.034226265891312835
100,-0.32873739832028903,-0.32989026731311544,-0.29463347492104663,-0.2843365294390998,-0.32873739832027793,-0.29597707975802523,-1.000000000000012,-0.034204701901052736
101,-0.32897357010022166,-0.33008032517818364,-0.2948903750935594,-0.2845996881035151,-0.32897357010022166,-0.29618023618618317,-1.000000000000012,-0.034184000333470355
102,-0.3292002950474937,-0.3302627806514691,-0.2951369993216879,-0.28485232049110243,-0.3292002950474826,-0.29637526635721834,-1.000000000000012,-0.03416412670421698
103,-0.32941795102978677,-0.33043793784031106,-0.29537375863405435,-0.28509484764275284,-0.32941795102978677,-0.2965624953214063,-1.000000000000012,-0.03414504790711925
104,-0.3296269008008723,-0.33060608868555885,-0.29560104761953143,-0.2853276737592503,-0.3296269008008723,-0.29674223512703435,-1.000000000000012,-0.034126732159112105
105,-0.3298274926050948,-0.33076751344827127,-0.29581924508466084,-0.285551186874633,-0.3298274926050948,-0.2969147853404297,-1.000000000000012,-0.034109148947358836
106,-0.3300200607576409,-0.33092248117911893,-0.2960287146845375,-0.28576575950272076,-0.3300200607576298,-0.2970804335452937,-1.000000000000012,-0.03409226897876927
107,-0.3302049262016826,-0.33107125016470507,-0.2962298055291135,-0.2859717492576408,-0.3302049262016715,-0.29723945582196265,-1.000000000000012,-0.03407606413108333
108,-0.3303823970429387,-0.3312140683599085,-0.29642285276444413,-0.2861694994498398,-0.3303823970429387,-0.2973921172075622,-1.000000000000012,-0.034060507406219465
109,-0.33055276906347464,-0.3313511738006536,-0.29660817813147444,-0.2863593396578934,-0.33055276906347464,-0.29753867213774265,-1.000000000000012,-0.03404557288547716
110,-0.3307163262142421,-0.3314827950009258,-0.2967860905019437,-0.286541586277933,-0.3307163262142421,-0.29767936487071767,-1.000000000000012,-0.034031235686238226
111,-0.3308733410885223,-0.33160915133304547,-0.29695688639324036,-0.28671654305065797,-0.3308733410885112,-0.2978144298943719,-1.000000000000012,-0.03401747192073312
112,-0.3310240753759852,-0.3317304533947074,-0.29712085046232906,-0.2868845015675081,-0.3310240753759852,-0.29794409231708174,-1.000000000000012,-0.03400425865617285
113,-0.3311687802990071,-0.33184690335859024,-0.29727825598029334,-0.2870457417566974,-0.3311687802990182,-0.29806856824288186,-1.000000000000012,-0.0339915738767238
114,-0.33130769703119123,-0.3319586953112297,-0.2974293652876159,-0.287200532349563,-0.3313076970311801,-0.29818806513164375,-1.000000000000012,-0.0339793964467594
115,-0.33144105709934646,-0.33206601557387305,-0.2975744302313177,-0.28734913132849593,-0.33144105709933536,-0.29830278214485473,-1.000000000000012,-0.03396770607585475
116,-0.33156908276928965,-0.33216904301609507,-0.2977136925848445,-0.28749178635668615,-0.33156908276928965,-0.29841291047754126,-1.000000000000012,-0.0339564832847139
117,-0.3316919874164048,-0.33226794935222737,-0.29784738445073344,-0.2876287351910922,-0.3316919874164048,-0.2985186336769252,-1.000000000000012,-0.033945709373173205
118,-0.33180997588105887,-0.3323628994274075,-0.2979757286477369,-0.2877602060785245,-0.33180997588105887,-0.2986201279483347,-1.000000000000012,-0.03393536638859329
119,-0.33192324481005064,-0.33245405149221474,-0.2980989390818145,-0.28788641813602966,-0.33192324481005064,-0.29871756244888026,-1.000000000000012,-0.03392543709631601
120,-0.3320319829845375,-0.332541557469368,-0.29821722110286997,-0.28800758171608765,-0.3320319829845375,-0.2988110995694071,-1.000000000000012,-0.033915904950931886
121,-0.3321363716342507,-0.3326255632015718,-0.2983307718468664,-0.2881238987572199,-0.3321363716342507,-0.298900895205112,-1.000000000000012,-0.0339067540685134
122,-0.33223658473998663,-0.332706208700162,-0.2984397805644412,-0.2882355631204425,-0.33223658473998663,-0.2989870990153909,-1.000000000000012,-0.033897969200447076
123,-0.33233278932318644,-0.3327836283749108,-0.29854442893620936,-0.28834276091240785,-0.33233278932318644,-0.29906985467326175,-1.000000000000012,-0.03388953570783171
124,-0.3324251457245686,-0.3328579512585139,-0.29864489137568784,-0.2884456707955563,-0.3324251457245575,-0.29914930010481733,-1.000000000000012,-0.0338814395371978
125,-0.3325138078712486,-0.33292930122418296,-0.2987413353198076,-0.2885444642859447,-0.3325138078712486,-0.299225567719108,-1.000000000000012,-0.03387366719714846
126,-0.33259892353322273,-0.33299779718812816,-0.29883392150822363,-0.2886393060389292,-0.33259892353322273,-0.29929878462882087,-1.000000000000012,-0.03386620573568866
127,-0.3326806345697375,-0.3330635533107418,-0.29892280425083406,-0.28873035412381176,-0.3326806345697264,-0.29936907286215453,-1.000000000000012,-0.033859042718897836
128,-0.33275907716567854,-0.3331266791863352,-0.2990081316852855,-0.2888177602870301,-0.33275907716566744,-0.2994365495661455,-1.000000000000012,-0.03385216621011322
129,-0.33283438205863325,-0.3331872800253599,-0.2990900460237311,-0.28890167020528823,-0.33283438205863325,-0.29950132720197864,-1.000000000000012,-0.033845564750101254
130,-0.3329066747565612,-0.3332454568285126,-0.2991686837898744,-0.2889822237281958,-0.3329066747565612,-0.29956351373238155,-1.000000000000012,-0.033839227337728595
131,-0.33297607574723775,-0.33330130655840895,-0.2992441760465092,-0.2890595551114483,-0.33297607574722665,-0.29962321280156967,-1.000000000000012,-0.033833143411965416
132,-0.3330427006988268,-0.333354922297191,-0.29931664861384544,-0.2891337932404481,-0.3330427006988157,-0.29968052390798583,-1.000000000000012,-0.03382730283415514
133,-0.3331066606528488,-0.33340639340517786,-0.29938622227936307,-0.28920506184532124,-0.3331066606528488,-0.29973554257014534,-1.000000000000012,-0.03382169587107242
134,-0.33316806220916595,-0.33345580566765953,-0.29945301299901805,-0.2892734797068419,-0.33316806220915485,-0.2997883604858198,-1.000000000000012,-0.033816313178847146
135,-0.33322700770367364,-0.33350324143879284,-0.2995171320906431,-0.2893391608547069,-0.33322700770366254,-0.2998390656848704,-1.000000000000012,-0.03381114578722144
136,-0.33328359537873053,-0.33354877977792574,-0.2995786864192107,-0.2894022147573838,-0.33328359537871943,-0.29988774267595275,-1.000000000000012,-0.03380618508472821
137,-0.33333791954708314,-0.33359249658265755,-0.29963777857517915,-0.28946274650457626,-0.33333791954707204,-0.29993447258739314,-1.000000000000012,-0.033801422804324854
138,-0.33339007074900673,-0.3336344647141942,-0.29969450704545597,-0.28952085698249475,-0.3333900707489956,-0.29997933330238036,-1.000000000000012,-0.033796851009582074
139,-0.33344013590309585,-0.3336747541199614,-0.2997489663773778,-0.2895766430418001,-0.33344013590309585,-0.30002239958876187,-1.000000000000012,-0.033792462081538854
140,-0.33348819845130384,-0.33371343194910086,-0.29980124733641755,-0.2896301976591964,-0.33348819845129274,-0.30006374322368856,-1.000000000000012,-0.033788248705968194
141,-0.33353433849775405,-0.333750562663937,-0.2998514370574856,-0.2896816100923183,-0.33353433849775405,-0.3001034331132191,-1.000000000000012,-0.03378420386106473
142,-0.33357863294254386,-0.33378620815004423,-0.29989961919005825,-0.289730966028523,-0.33357863294254386,-0.30014153540717237,-1.000000000000012,-0.03378032080594284
143,-0.3336211556097535,-0.33382042781614496,-0.2999458740376326,-0.28977834772759836,-0.33362115560974237,-0.30017811360936175,-1.000000000000012,-0.03377659306942338
144,-0.33366197737039194,-0.3338532786950177,-0.29999027869157535,-0.2898238341590531,-0.33366197737038084,-0.3002132286834658,-1.000000000000012,-0.03377301443895364
145,-0.3337011662607692,-0.3338848155384988,-0.3000329071596197,-0.289867501133545,-0.3337011662607581,-0.30024693915461365,-1.000000000000012,-0.033769578950615387
146,-0.3337387875956721,-0.33391509090781035,-0.30007383048920033,-0.289909421429313,-0.3337387875956721,-0.30027930120690716,-1.000000000000012,-0.03376628087892186
147,-0.3337749040772886,-0.333944155262178,-0.3001131168857918,-0.2899496649135025,-0.3337749040772886,-0.3003103687771125,-1.000000000000012,-0.033763114727469734
148,-0.33380957589973503,-0.33397205704147614,-0.30015083182672875,-0.2899882986585389,-0.33380957589973503,-0.3003401936445105,-1.000000000000012,-0.03376007521961322
149,-0.3338428608493649,-0.3339988427498719,-0.30018703817020764,-0.2900253870539715,-0.3338428608493538,-0.30036882551721655,-1.000000000000012,-0.03375715728980433
150,-0.3338748144011361,-0.33402455702948863,-0.3002217962600584,-0.29006099191377643,-0.333874814401125,-0.3003963121150144,-1.000000000000012,-0.03375435607519961
151,-0.33390548981089285,-0.33404924273729986,-0.3002551640265305,-0.29009517257935213,-0.33390548981088175,-0.3004226992488923,-1.000000000000012,-0.03375166690721132
152,-0.33393493820430553,-0.3340729410169718,-0.30028719708240503,-0.29012798601845136,-0.33393493820430553,-0.30044803089741556,-1.000000000000012,-0.03374908530421328
153,-0.3339632086620692,-0.3340956913650106,-0.3003179488161978,-0.2901594869201274,-0.3339632086620581,-0.300472349280001,-1.000000000000012,-0.03374660696369158
154,-0.3339903483015494,-0.33411753169878544,-0.30034747048074406,-0.29018972778587226,-0.3339903483015383,-0.300495694927283,-1.000000000000012,-0.03374422775529462
155,-0.3340164023554304,-0.3341384984185236,-0.3003758112788524,-0.2902187590171246,-0.3340164023554304,-0.30051810674867063,-1.000000000000012,-0.033741943713749833
156,-0.33404141424722145,-0.33415862646958283,-0.30040301844508344,-0.2902466289992134,-0.33404141424721034,-0.30053962209720675,-1.000000000000012,-0.033739751032668686
157,-0.3340654256632991,-0.3341779493979846,-0.3004291373247203,-0.2902733841821159,-0.334065425663288,-0.3005602768317961,-1.000000000000012,-0.03373764605758556
158,-0.3340884766227292,-0.3341964994088453,-0.30045421144927476,-0.2902990691578289,-0.3340884766227292,-0.30058010537700186,-1.000000000000012,-0.03373562528038443
159,-0.33411060554370264,-0.33421430741830127,-0.30047828260890697,-0.29032372673458706,-0.33411060554369154,-0.30059914078039984,-1.000000000000012,-0.033733685333148244
160,-0.3341318493077283,-0.3342314031064775,-0.3005013909221699,-0.2903473980083615,-0.3341318493077172,-0.3006174147676677,-1.000000000000012,-0.033731822982807635
161,-0.33415224332106197,-0.334247814966282,-0.30052357490293335,-0.2903701224312827,-0.33415224332105087,-0.3006349577954426,-1.000000000000012,-0.03373003512550099
162,-0.3341718215736367,-0.33426357034987975,-0.3005448715245218,-0.2903919378773989,-0.33417182157362557,-0.30065179910210293,-1.000000000000012,-0.033728318781467426
163,-0.3341906166957842,-0.33427869551621026,-0.3005653162812316,-0.2904128807057482,-0.3341906166957731,-0.300667966756496,-1.000000000000012,-0.033726671090195115
164,-0.334208660012536,-0.3342932156724876,-0.3005849432476726,-0.29043298582110966,-0.334208660012536,-0.30068348770472264,-1.000000000000012,-0.03372508930542528
165,-0.3342259815959814,-0.33430715501885366,-0.300603785135356,-0.2904522867319348,-0.3342259815959814,-0.3006983878150127,-1.000000000000012,-0.03372357079091115
166,-0.3342426103152052,-0.3343205367861479,-0.30062187334747303,-0.2904708156064806,-0.3342426103152052,-0.30071269192089023,-1.000000000000012,-0.03372211301562178
167,-0.33425857388441615,-0.33433338327524265,-0.30063923803093084,-0.2904886033262222,-0.33425857388440505,-0.30072642386254067,-1.000000000000012,-0.03372071354977857
168,-0.33427389890915427,-0.3343457158949348,-0.3006559081268345,-0.2905056795374339,-0.33427389890914316,-0.3007396065265233,-1.000000000000012,-0.033719370060592
169,-0.3342886109305332,-0.33435755519620747,-0.30067191141858185,-0.29052207270048314,-0.3342886109305332,-0.3007522618839409,-1.000000000000012,-0.03371808030850909
170,-0.33430273446786174,-0.33436892090681347,-0.3006872745782263,-0.2905378101373812,-0.33430273446785064,-0.30076441102706575,-1.000000000000012,-0.033716842143372006
171,-0.3343162930592447,-0.33437983196350496,-0.3007020232108637,-0.29055291807735806,-0.3343162930592336,-0.3007760742044674,-1.000000000000012,-0.03371565350059891
172,-0.3343293093009292,-0.3343903065429865,-0.3007161818973203,-0.29056742170043837,-0.3343293093009181,-0.3007872708547743,-1.000000000000012,-0.03371451239804202
173,-0.3343418048846081,-0.3344003620915581,-0.30072977423514224,-0.29058134517951917,-0.3343418048846081,-0.30079801963907027,-1.000000000000012,-0.033713416932101836
174,-0.3343538006335578,-0.33441001535251536,-0.300742822877742,-0.2905947117207375,-0.3343538006335578,-0.30080833847199173,-1.000000000000012,-0.033712365274807254
175,-0.3343653165368887,-0.3344192823935277,-0.30075534957240135,-0.29060754360207275,-0.3343653165368887,-0.3008182445515928,-1.000000000000012,-0.03371135567009631
176,-0.3343763717826631,-0.3344281786298864,-0.3007673751961426,-0.29061986221052827,-0.334376371782652,-0.3008277543880111,-1.000000000000012,-0.03371038643096291
177,-0.3343869847892811,-0.33443671884887394,-0.300778919790623,-0.2906316880779247,-0.3343869847892811,-0.3008368838309683,-1.000000000000012,-0.03370945593608177
178,-0.3343971732354567,-0.3344449172286268,-0.3007900025954302,-0.2906430409151173,-0.3343971732354567,-0.30084564809621517,-1.000000000000012,-0.03370856262642219
179,-0.33440695408872845,-0.33445278735712014,-0.30080064208005686,-0.2906539396449248,-0.33440695408871735,-0.30085406179084506,-1.000000000000012,-0.03370770500176201
180,-0.33441634363245987,-0.3344603422484327,-0.300810855974154,-0.29066440243391556,-0.33441634363245987,-0.3008621389376964,-1.000000000000012,-0.03370688161742352
181,-0.33442535749111935,-0.3344675943519837,-0.30082066129740737,-0.2906744467228495,-0.33442535749111935,-0.3008698929986675,-1.000000000000012,-0.03370609107979927
182,-0.33443401065388345,-0.3344745555597828,-0.30083007438693743,-0.2906840892558993,-0.33443401065387235,-0.3008773368971984,-1.000000000000012,-0.033705332042421876
183,-0.3344423174962752,-0.33448123720782874,-0.3008391109244446,-0.2906933461091499,-0.3344423174962641,-0.3008844830397872,-1.000000000000012,-0.033704603200446215
184,-0.3344502917994041,-0.33448765006793835,-0.30084778596149997,-0.29070223271771,-0.334450291799393,-0.30089134333667333,-1.000000000000012,-0.03370390328473194
185,-0.33445794676659757,-0.3344938043282508,-0.3008561139436816,-0.290710763902291,-0.33445794676659757,-0.30089792922168845,-1.000000000000012,-0.03370323105414963
186,-0.3344652950367566,-0.3344997095616087,-0.30086410873350067,-0.290718953894753,-0.3344652950367566,-0.30090425167130785,-1.000000000000012,-0.033702585286099485
187,-0.3344723486935264,-0.3345053746725002,-0.3008717836315289,-0.2907268163632182,-0.3344723486935153,-0.3009103212229358,-1.000000000000012,-0.03370196476452092
188,-0.3344791192689045,-0.33451080781957687,-0.30087915139641597,-0.2907343644366511,-0.3344791192689045,-0.30091614799250266,-1.000000000000012,-0.03370136826333914
189,-0.33448561774036545,-0.3345160162980143,-0.30088622426278633,-0.290741610729206,-0.33448561774036545,-0.3009217416912846,-1.000000000000012,-0.033700794525781674
190,-0.3344918545182818,-0.3345210063796178,-0.3008930139570598,-0.2907485673646182,-0.3344918545182707,-0.30092711164211305,-1.000000000000012,-0.03370024223581236
191,-0.33449783942156586,-0.3345257830807524,-0.30089953171081874,-0.2907552460011398,-0.33449783942156586,-0.3009322667949066,-1.000000000000012,-0.03369970998027272
192,-0.3345035816363029,-0.33453034984149976,-0.30090578827133285,-0.290761657857308,-0.3345035816363029,-0.3009372157415924,-1.000000000000012,-0.033699196196945724
193,-0.33450908965233506,-0.3345347080800254,-0.30091179390762113,-0.29076781373932326,-0.33450908965233506,-0.30094196673040585,-1.000000000000012,-0.03369869910473389
194,-0.33451437116975846,-0.334538856576172,-0.30091755841195056,-0.2907737240711361,-0.33451437116974736,-0.30094652767966856,-1.000000000000012,-0.03369821660845762
195,-0.3345194329636203,-0.33454279062361536,-0.30092309109426285,-0.290779398928076,-0.3345194329636203,-0.30095090619096654,-1.000000000000012,-0.03369774616875931
196,-0.3345242806931825,-0.33454650085992244,-0.3009284007682522,-0.29078484807624205,-0.3345242806931936,-0.3009551095618068,-1.000000000000012,-0.03369728462466748
197,-0.33452891863370304,-0.33454997166314504,-0.30093349572510864,-0.2907900810193542,-0.33452891863369194,-0.3009591447978188,-1.000000000000012,-0.03369682795092421
198,-0.33453334930402256,-0.3345531789476386,-0.3009383836917956,-0.2907951070568293,-0.33453334930401146,-0.30096301862438946,-1.000000000000012,-0.033696370926261654
199,-0.3345375729501776,-0.3345560871410025,-0.3009430717674455,-0.2907999353569446,-0.3345375729501665,-0.3009667374978986,-1.000000000000012,-0.03369590667935407
200,-0.334541586833359,-0.33455864504214894,-0.3009475663306671,-0.2908045750511623,-0.3345415868333479,-0.30097030761646604,-1.000000000000012,-0.033695426067414935
201,-0.33454538424879665,-0.3345607801349959,-0.3009518729069516,-0.2908090353576198,-0.33454538424879665,-0.3009737349302877,-1.000000000000012,-0.033694916825122156
202,-0.33454895317730493,-0.3345623908059925,-0.30095599598152223,-0.29081332574468766,-0.33454895317729383,-0.3009770251515609,-1.000000000000012,-0.033694362399738775
203,-0.33455227443323077,-0.33456333567163377,-0.3009599387381767,-0.29081745615004984,-0.33455227443323077,-0.30098018376397695,-1.000000000000012,-0.033693740355400514
204,-0.33455531912301995,-0.3345634189582336,-0.30096370269605544,-0.29082143727545695,-0.33455531912300884,-0.3009832160319026,-1.000000000000012,-0.03369302018806364
205,-0.33455804515933885,-0.33456237047206905,-0.3009672872081204,-0.29082528098579585,-0.33455804515933885,-0.3009861270091063,-1.000000000000012,-0.03369216033218825
206,-0.33456039248208613,-0.33455981815611047,-0.30097068876877575,-0.2908290008509118,-0.33456039248208613,-0.30098892154721835,-1.000000000000012,-0.03369110406127307
207,-0.3345622765079881,-0.33455525049700396,-0.30097390006176283,-0.29083261288362916,-0.3345622765079881,-0.300991604303813,-1.000000000000012,-0.03368977387256944
208,-0.33456357915345736,-0.33454796502512263,-0.3009769086512293,-0.2908361365461465,-0.33456357915345736,-0.300994179750147,-1.000000000000012,-0.03368806379524525
209,-0.33456413653439876,-0.3345369977638457,-0.3009796951850108,-0.29083959612464794,-0.33456413653439876,-0.30099665217862004,-1.000000000000012,-0.03368582885439064
210,-0.33456372211294605,-0.33452102658729777,-0.30098223092951404,-0.290843022608267,-0.33456372211294605,-0.3009990257099582,-1.000000000000012,-0.03368287063891806
211,-0.3345620236083424,-0.33449823883262564,-0.30098447438919873,-0.29084645625916394,-0.3345620236083424,-0.30100130430004146,-1.000000000000012,-0.03367891753206509
212,-0.3345586113654653,-0.3344661499494195,-0.300986366672118,-0.29084995012951254,-0.3345586113654653,-0.30100349174652097,-1.000000000000012,-0.03367359763137845
213,-0.33455289502204444,-0.33442135507982806,-0.3009878251386433,-0.29085357487539376,-0.33455289502203334,-0.30100559169514707,-1.000000000000012,-0.033666401653553724
214,-0.3345440641475794,-0.3343591887613573,-0.3009887346972717,-0.2908574253481011,-0.3345440641475794,-0.30100760764582013,-1.000000000000012,-0.03365663212148151
215,-0.3345310069255536,-0.33427325878035985,-0.30098893587892084,-0.29086162961932116,-0.3345310069255536,-0.3010095429584636,-1.000000000000012,-0.03364333375892592
216,-0.334512198760073,-0.3341548076282952,-0.30098820849739916,-0.29086636134126875,-0.3345121987600619,-0.30101140085860845,-1.000000000000012,-0.03362519814417153
217,-0.33448554968367183,-0.3339918378070794,-0.3009862492644344,-0.29087185667501236,-0.33448554968367183,-0.3010131844427444,-1.000000000000012,-0.033600433102587424
218,-0.3344481953303502,-0.3337679136508287,-0.30098264112321527,-0.2908784374760609,-0.3344481953303502,-0.3010148966835158,-1.000000000000012,-0.03356658379758404
219,-0.3343962106031051,-0.33346052002942717,-0.3009768112383626,-0.2908865430522267,-0.334396210603094,-0.3010165404346621,-1.000000000000012,-0.03352028765766235
